Phrase,Sentiment
156061,2
156062,2
156063,2
156064,2
156065,2
156066,2
156067,2
156068,2
156069,2
156070,2
156071,2
156072,2
156073,2
156074,2
156075,2
156076,2
156077,2
156078,2
156079,2
156080,2
156081,2
156082,2
156083,2
156084,2
156085,2
156086,2
156087,2
156088,2
156089,2
156090,2
156091,2
156092,2
156093,2
156094,2
156095,2
156096,2
156097,2
156098,2
156099,2
156100,2
156101,2
156102,2
156103,2
156104,2
156105,2
156106,2
156107,2
156108,2
156109,2
156110,2
156111,2
156112,2
156113,2
156114,2
156115,2
156116,2
156117,2
156118,2
156119,2
156120,2
156121,2
156122,1
156123,2
156124,2
156125,3
156126,2
156127,2
156128,2
156129,2
156130,2
156131,2
156132,2
156133,2
156134,2
156135,2
156136,2
156137,2
156138,2
156139,2
156140,2
156141,1
156142,2
156143,2
156144,2
156145,2
156146,2
156147,2
156148,2
156149,2
156150,3
156151,2
156152,2
156153,2
156154,2
156155,2
156156,2
156157,2
156158,2
156159,2
156160,2
156161,2
156162,2
156163,2
156164,2
156165,2
156166,2
156167,2
156168,2
156169,2
156170,2
156171,2
156172,2
156173,2
156174,2
156175,2
156176,2
156177,2
156178,2
156179,2
156180,2
156181,2
156182,2
156183,2
156184,2
156185,2
156186,2
156187,2
156188,2
156189,2
156190,2
156191,2
156192,2
156193,2
156194,2
156195,2
156196,2
156197,2
156198,2
156199,2
156200,2
156201,2
156202,2
156203,2
156204,2
156205,2
156206,2
156207,2
156208,2
156209,2
156210,2
156211,2
156212,2
156213,2
156214,2
156215,2
156216,2
156217,2
156218,2
156219,2
156220,2
156221,2
156222,2
156223,1
156224,1
156225,1
156226,1
156227,2
156228,2
156229,2
156230,2
156231,2
156232,2
156233,2
156234,2
156235,2
156236,2
156237,2
156238,2
156239,2
156240,2
156241,2
156242,2
156243,2
156244,2
156245,2
156246,2
156247,2
156248,2
156249,2
156250,2
156251,2
156252,2
156253,2
156254,2
156255,3
156256,3
156257,3
156258,2
156259,3
156260,2
156261,2
156262,3
156263,2
156264,3
156265,2
156266,2
156267,2
156268,2
156269,2
156270,2
156271,2
156272,2
156273,2
156274,2
156275,2
156276,3
156277,2
156278,2
156279,2
156280,2
156281,2
156282,2
156283,2
156284,2
156285,2
156286,2
156287,2
156288,2
156289,4
156290,2
156291,2
156292,2
156293,2
156294,2
156295,2
156296,2
156297,2
156298,2
156299,2
156300,2
156301,2
156302,2
156303,2
156304,2
156305,2
156306,2
156307,2
156308,2
156309,2
156310,2
156311,2
156312,2
156313,2
156314,2
156315,2
156316,2
156317,2
156318,2
156319,2
156320,2
156321,2
156322,2
156323,2
156324,3
156325,2
156326,2
156327,2
156328,3
156329,3
156330,2
156331,2
156332,2
156333,3
156334,3
156335,2
156336,2
156337,2
156338,3
156339,2
156340,3
156341,2
156342,2
156343,2
156344,2
156345,2
156346,2
156347,2
156348,2
156349,2
156350,2
156351,2
156352,2
156353,2
156354,2
156355,2
156356,3
156357,3
156358,3
156359,2
156360,3
156361,2
156362,2
156363,2
156364,2
156365,2
156366,2
156367,2
156368,1
156369,2
156370,2
156371,1
156372,3
156373,2
156374,2
156375,3
156376,2
156377,3
156378,3
156379,2
156380,2
156381,2
156382,3
156383,3
156384,2
156385,2
156386,2
156387,2
156388,2
156389,2
156390,2
156391,2
156392,2
156393,2
156394,2
156395,2
156396,2
156397,2
156398,2
156399,2
156400,2
156401,2
156402,2
156403,2
156404,2
156405,2
156406,2
156407,1
156408,1
156409,2
156410,1
156411,3
156412,2
156413,2
156414,2
156415,2
156416,2
156417,3
156418,3
156419,2
156420,2
156421,2
156422,2
156423,2
156424,2
156425,2
156426,3
156427,2
156428,2
156429,2
156430,2
156431,2
156432,2
156433,2
156434,2
156435,2
156436,2
156437,2
156438,2
156439,2
156440,2
156441,2
156442,2
156443,2
156444,2
156445,2
156446,2
156447,2
156448,2
156449,2
156450,3
156451,2
156452,2
156453,2
156454,2
156455,2
156456,2
156457,2
156458,2
156459,2
156460,2
156461,2
156462,2
156463,2
156464,2
156465,2
156466,2
156467,2
156468,2
156469,2
156470,2
156471,2
156472,2
156473,2
156474,2
156475,2
156476,2
156477,2
156478,2
156479,2
156480,3
156481,2
156482,2
156483,2
156484,2
156485,2
156486,2
156487,2
156488,2
156489,2
156490,2
156491,2
156492,2
156493,2
156494,2
156495,2
156496,2
156497,2
156498,2
156499,2
156500,2
156501,2
156502,2
156503,2
156504,2
156505,2
156506,2
156507,2
156508,2
156509,2
156510,2
156511,2
156512,2
156513,2
156514,2
156515,2
156516,3
156517,2
156518,2
156519,3
156520,2
156521,2
156522,2
156523,2
156524,2
156525,2
156526,2
156527,2
156528,2
156529,2
156530,2
156531,2
156532,2
156533,2
156534,2
156535,2
156536,2
156537,0
156538,1
156539,0
156540,2
156541,2
156542,0
156543,2
156544,2
156545,2
156546,2
156547,2
156548,2
156549,2
156550,2
156551,2
156552,2
156553,2
156554,2
156555,2
156556,2
156557,2
156558,2
156559,2
156560,2
156561,2
156562,2
156563,2
156564,2
156565,2
156566,2
156567,1
156568,1
156569,1
156570,2
156571,2
156572,2
156573,2
156574,2
156575,2
156576,2
156577,2
156578,2
156579,1
156580,2
156581,2
156582,2
156583,1
156584,1
156585,2
156586,1
156587,2
156588,1
156589,1
156590,1
156591,2
156592,2
156593,2
156594,2
156595,2
156596,4
156597,3
156598,2
156599,2
156600,2
156601,2
156602,2
156603,3
156604,3
156605,2
156606,3
156607,2
156608,2
156609,2
156610,2
156611,2
156612,2
156613,2
156614,2
156615,2
156616,2
156617,2
156618,2
156619,2
156620,2
156621,2
156622,2
156623,2
156624,2
156625,1
156626,2
156627,1
156628,1
156629,0
156630,1
156631,1
156632,2
156633,2
156634,2
156635,2
156636,2
156637,2
156638,2
156639,2
156640,1
156641,2
156642,2
156643,2
156644,2
156645,2
156646,2
156647,2
156648,2
156649,2
156650,1
156651,1
156652,1
156653,2
156654,1
156655,1
156656,1
156657,3
156658,3
156659,3
156660,2
156661,2
156662,2
156663,2
156664,2
156665,2
156666,1
156667,1
156668,1
156669,2
156670,2
156671,2
156672,2
156673,1
156674,1
156675,1
156676,1
156677,2
156678,2
156679,2
156680,3
156681,2
156682,3
156683,2
156684,0
156685,0
156686,0
156687,0
156688,0
156689,0
156690,0
156691,0
156692,2
156693,0
156694,0
156695,2
156696,1
156697,2
156698,2
156699,2
156700,2
156701,1
156702,2
156703,1
156704,1
156705,2
156706,2
156707,2
156708,2
156709,2
156710,2
156711,2
156712,2
156713,2
156714,2
156715,2
156716,2
156717,2
156718,2
156719,2
156720,2
156721,2
156722,2
156723,2
156724,2
156725,2
156726,2
156727,2
156728,2
156729,2
156730,2
156731,2
156732,2
156733,2
156734,2
156735,2
156736,2
156737,2
156738,2
156739,2
156740,2
156741,2
156742,2
156743,2
156744,2
156745,2
156746,2
156747,2
156748,2
156749,2
156750,2
156751,2
156752,2
156753,2
156754,2
156755,2
156756,2
156757,2
156758,2
156759,2
156760,2
156761,2
156762,2
156763,2
156764,2
156765,2
156766,3
156767,2
156768,2
156769,2
156770,2
156771,2
156772,2
156773,2
156774,2
156775,2
156776,2
156777,2
156778,3
156779,2
156780,3
156781,3
156782,3
156783,3
156784,1
156785,3
156786,2
156787,2
156788,3
156789,3
156790,3
156791,3
156792,3
156793,3
156794,2
156795,3
156796,2
156797,3
156798,2
156799,2
156800,2
156801,2
156802,2
156803,2
156804,2
156805,2
156806,2
156807,2
156808,2
156809,3
156810,3
156811,2
156812,3
156813,2
156814,2
156815,2
156816,2
156817,2
156818,2
156819,2
156820,2
156821,2
156822,2
156823,2
156824,2
156825,2
156826,2
156827,2
156828,2
156829,2
156830,3
156831,3
156832,3
156833,3
156834,3
156835,3
156836,3
156837,3
156838,3
156839,3
156840,2
156841,3
156842,4
156843,3
156844,2
156845,2
156846,2
156847,2
156848,2
156849,3
156850,2
156851,2
156852,2
156853,2
156854,2
156855,2
156856,2
156857,2
156858,4
156859,2
156860,2
156861,2
156862,2
156863,2
156864,2
156865,2
156866,2
156867,2
156868,2
156869,1
156870,1
156871,1
156872,3
156873,3
156874,3
156875,2
156876,1
156877,1
156878,2
156879,2
156880,2
156881,2
156882,2
156883,2
156884,2
156885,2
156886,1
156887,1
156888,2
156889,2
156890,2
156891,3
156892,2
156893,3
156894,3
156895,2
156896,2
156897,2
156898,2
156899,2
156900,3
156901,3
156902,3
156903,3
156904,4
156905,2
156906,2
156907,2
156908,2
156909,2
156910,2
156911,2
156912,2
156913,1
156914,2
156915,2
156916,2
156917,2
156918,3
156919,2
156920,3
156921,3
156922,3
156923,2
156924,2
156925,2
156926,2
156927,2
156928,2
156929,2
156930,2
156931,1
156932,2
156933,2
156934,2
156935,2
156936,2
156937,1
156938,1
156939,2
156940,4
156941,3
156942,4
156943,4
156944,2
156945,2
156946,4
156947,2
156948,3
156949,3
156950,3
156951,2
156952,2
156953,1
156954,2
156955,1
156956,2
156957,1
156958,2
156959,2
156960,2
156961,2
156962,2
156963,2
156964,2
156965,2
156966,2
156967,2
156968,2
156969,2
156970,2
156971,2
156972,2
156973,2
156974,1
156975,2
156976,2
156977,2
156978,2
156979,2
156980,2
156981,2
156982,2
156983,2
156984,2
156985,2
156986,2
156987,2
156988,2
156989,2
156990,2
156991,2
156992,2
156993,2
156994,2
156995,2
156996,2
156997,3
156998,2
156999,2
157000,2
157001,2
157002,2
157003,2
157004,2
157005,2
157006,2
157007,2
157008,2
157009,2
157010,2
157011,1
157012,2
157013,2
157014,2
157015,2
157016,1
157017,1
157018,2
157019,2
157020,2
157021,2
157022,1
157023,1
157024,1
157025,1
157026,1
157027,2
157028,2
157029,2
157030,2
157031,3
157032,2
157033,3
157034,3
157035,3
157036,2
157037,2
157038,3
157039,3
157040,3
157041,3
157042,3
157043,3
157044,2
157045,2
157046,2
157047,3
157048,2
157049,2
157050,2
157051,2
157052,2
157053,2
157054,2
157055,2
157056,2
157057,2
157058,2
157059,2
157060,2
157061,2
157062,2
157063,2
157064,2
157065,2
157066,2
157067,3
157068,2
157069,3
157070,2
157071,2
157072,2
157073,2
157074,2
157075,2
157076,2
157077,2
157078,2
157079,3
157080,3
157081,2
157082,0
157083,2
157084,2
157085,2
157086,3
157087,2
157088,2
157089,2
157090,2
157091,2
157092,2
157093,2
157094,2
157095,2
157096,4
157097,4
157098,2
157099,2
157100,2
157101,2
157102,2
157103,2
157104,4
157105,2
157106,2
157107,2
157108,2
157109,2
157110,2
157111,2
157112,2
157113,2
157114,3
157115,3
157116,2
157117,2
157118,2
157119,2
157120,4
157121,3
157122,4
157123,2
157124,2
157125,4
157126,2
157127,3
157128,2
157129,4
157130,0
157131,0
157132,2
157133,1
157134,1
157135,2
157136,1
157137,2
157138,1
157139,2
157140,2
157141,2
157142,2
157143,2
157144,2
157145,2
157146,4
157147,2
157148,2
157149,2
157150,2
157151,2
157152,2
157153,2
157154,2
157155,2
157156,2
157157,2
157158,2
157159,2
157160,2
157161,2
157162,2
157163,2
157164,2
157165,2
157166,2
157167,2
157168,2
157169,2
157170,2
157171,2
157172,2
157173,2
157174,2
157175,2
157176,2
157177,2
157178,2
157179,2
157180,2
157181,2
157182,2
157183,2
157184,2
157185,2
157186,2
157187,2
157188,2
157189,2
157190,2
157191,1
157192,2
157193,2
157194,2
157195,1
157196,2
157197,2
157198,2
157199,2
157200,2
157201,3
157202,2
157203,3
157204,3
157205,3
157206,2
157207,3
157208,3
157209,2
157210,2
157211,2
157212,2
157213,2
157214,2
157215,2
157216,3
157217,3
157218,3
157219,3
157220,2
157221,3
157222,2
157223,2
157224,2
157225,3
157226,3
157227,3
157228,2
157229,2
157230,3
157231,3
157232,2
157233,2
157234,2
157235,2
157236,1
157237,1
157238,1
157239,1
157240,1
157241,4
157242,3
157243,3
157244,2
157245,2
157246,2
157247,2
157248,2
157249,2
157250,3
157251,3
157252,3
157253,2
157254,2
157255,2
157256,2
157257,4
157258,2
157259,2
157260,2
157261,2
157262,2
157263,2
157264,4
157265,4
157266,2
157267,4
157268,4
157269,2
157270,2
157271,2
157272,2
157273,2
157274,2
157275,2
157276,2
157277,4
157278,4
157279,4
157280,2
157281,2
157282,2
157283,3
157284,3
157285,2
157286,3
157287,3
157288,2
157289,3
157290,1
157291,1
157292,2
157293,2
157294,1
157295,2
157296,2
157297,2
157298,2
157299,2
157300,4
157301,2
157302,2
157303,2
157304,2
157305,1
157306,1
157307,1
157308,1
157309,2
157310,2
157311,2
157312,1
157313,2
157314,1
157315,2
157316,2
157317,2
157318,2
157319,2
157320,2
157321,2
157322,2
157323,2
157324,2
157325,2
157326,2
157327,2
157328,2
157329,3
157330,2
157331,2
157332,2
157333,2
157334,2
157335,2
157336,2
157337,2
157338,2
157339,2
157340,2
157341,2
157342,2
157343,2
157344,2
157345,2
157346,1
157347,2
157348,2
157349,2
157350,2
157351,2
157352,2
157353,2
157354,2
157355,2
157356,0
157357,1
157358,0
157359,1
157360,1
157361,2
157362,2
157363,2
157364,2
157365,2
157366,2
157367,2
157368,2
157369,2
157370,2
157371,2
157372,2
157373,0
157374,2
157375,2
157376,1
157377,1
157378,2
157379,2
157380,2
157381,1
157382,2
157383,2
157384,2
157385,2
157386,2
157387,2
157388,2
157389,2
157390,2
157391,2
157392,2
157393,2
157394,2
157395,2
157396,2
157397,2
157398,2
157399,2
157400,2
157401,2
157402,2
157403,2
157404,2
157405,2
157406,2
157407,2
157408,2
157409,2
157410,2
157411,2
157412,2
157413,2
157414,2
157415,2
157416,2
157417,2
157418,2
157419,2
157420,2
157421,2
157422,2
157423,2
157424,2
157425,2
157426,2
157427,2
157428,2
157429,2
157430,2
157431,2
157432,1
157433,2
157434,2
157435,2
157436,2
157437,2
157438,2
157439,2
157440,3
157441,3
157442,3
157443,3
157444,3
157445,2
157446,3
157447,3
157448,2
157449,2
157450,3
157451,2
157452,1
157453,1
157454,2
157455,2
157456,2
157457,2
157458,2
157459,2
157460,1
157461,1
157462,1
157463,1
157464,2
157465,2
157466,1
157467,1
157468,1
157469,1
157470,3
157471,2
157472,3
157473,3
157474,3
157475,1
157476,1
157477,1
157478,2
157479,2
157480,3
157481,2
157482,2
157483,2
157484,2
157485,2
157486,3
157487,3
157488,3
157489,2
157490,2
157491,2
157492,3
157493,3
157494,3
157495,3
157496,2
157497,3
157498,2
157499,3
157500,2
157501,2
157502,3
157503,3
157504,3
157505,3
157506,3
157507,4
157508,2
157509,2
157510,2
157511,2
157512,2
157513,2
157514,2
157515,2
157516,2
157517,2
157518,2
157519,2
157520,2
157521,2
157522,2
157523,2
157524,2
157525,2
157526,2
157527,2
157528,2
157529,2
157530,1
157531,2
157532,2
157533,2
157534,2
157535,2
157536,1
157537,1
157538,1
157539,1
157540,2
157541,2
157542,2
157543,2
157544,2
157545,2
157546,2
157547,2
157548,1
157549,2
157550,2
157551,2
157552,2
157553,2
157554,2
157555,2
157556,1
157557,1
157558,1
157559,2
157560,1
157561,2
157562,1
157563,2
157564,3
157565,3
157566,3
157567,2
157568,2
157569,2
157570,2
157571,2
157572,2
157573,2
157574,2
157575,2
157576,2
157577,2
157578,2
157579,2
157580,2
157581,2
157582,2
157583,2
157584,2
157585,2
157586,2
157587,2
157588,2
157589,2
157590,2
157591,1
157592,2
157593,2
157594,2
157595,2
157596,2
157597,2
157598,2
157599,2
157600,2
157601,2
157602,3
157603,3
157604,2
157605,3
157606,3
157607,2
157608,3
157609,2
157610,3
157611,3
157612,3
157613,3
157614,3
157615,3
157616,3
157617,3
157618,1
157619,1
157620,2
157621,4
157622,2
157623,1
157624,1
157625,2
157626,2
157627,2
157628,1
157629,2
157630,2
157631,1
157632,2
157633,2
157634,1
157635,1
157636,1
157637,1
157638,1
157639,1
157640,2
157641,1
157642,1
157643,2
157644,1
157645,4
157646,2
157647,2
157648,2
157649,1
157650,1
157651,2
157652,1
157653,2
157654,2
157655,2
157656,4
157657,2
157658,3
157659,3
157660,3
157661,2
157662,2
157663,3
157664,3
157665,3
157666,3
157667,3
157668,2
157669,2
157670,2
157671,1
157672,2
157673,2
157674,2
157675,1
157676,1
157677,1
157678,2
157679,2
157680,2
157681,1
157682,3
157683,2
157684,2
157685,2
157686,2
157687,2
157688,3
157689,2
157690,2
157691,2
157692,2
157693,2
157694,2
157695,1
157696,2
157697,4
157698,1
157699,1
157700,2
157701,2
157702,1
157703,2
157704,2
157705,2
157706,2
157707,2
157708,2
157709,2
157710,2
157711,2
157712,2
157713,2
157714,2
157715,2
157716,2
157717,2
157718,2
157719,2
157720,2
157721,2
157722,2
157723,2
157724,2
157725,2
157726,2
157727,2
157728,2
157729,2
157730,2
157731,2
157732,2
157733,2
157734,2
157735,2
157736,2
157737,2
157738,2
157739,2
157740,2
157741,2
157742,3
157743,3
157744,2
157745,2
157746,2
157747,2
157748,3
157749,2
157750,2
157751,2
157752,2
157753,2
157754,2
157755,4
157756,2
157757,2
157758,2
157759,2
157760,3
157761,2
157762,2
157763,2
157764,2
157765,4
157766,4
157767,3
157768,3
157769,3
157770,3
157771,3
157772,3
157773,4
157774,3
157775,3
157776,3
157777,3
157778,3
157779,2
157780,3
157781,2
157782,3
157783,3
157784,3
157785,3
157786,2
157787,2
157788,2
157789,2
157790,2
157791,2
157792,2
157793,2
157794,2
157795,3
157796,3
157797,3
157798,2
157799,2
157800,2
157801,2
157802,2
157803,2
157804,2
157805,2
157806,3
157807,3
157808,2
157809,2
157810,3
157811,2
157812,3
157813,2
157814,2
157815,3
157816,3
157817,2
157818,3
157819,3
157820,3
157821,2
157822,3
157823,3
157824,2
157825,3
157826,2
157827,2
157828,2
157829,2
157830,2
157831,2
157832,2
157833,2
157834,2
157835,2
157836,2
157837,2
157838,1
157839,1
157840,1
157841,0
157842,2
157843,2
157844,2
157845,2
157846,2
157847,2
157848,2
157849,3
157850,3
157851,3
157852,3
157853,3
157854,2
157855,3
157856,3
157857,3
157858,3
157859,3
157860,2
157861,3
157862,3
157863,3
157864,2
157865,2
157866,2
157867,2
157868,2
157869,2
157870,3
157871,2
157872,2
157873,3
157874,3
157875,3
157876,2
157877,2
157878,2
157879,4
157880,1
157881,1
157882,1
157883,2
157884,1
157885,1
157886,1
157887,1
157888,2
157889,1
157890,2
157891,2
157892,2
157893,4
157894,4
157895,4
157896,2
157897,2
157898,2
157899,2
157900,2
157901,2
157902,2
157903,2
157904,3
157905,2
157906,2
157907,2
157908,3
157909,3
157910,2
157911,3
157912,3
157913,2
157914,2
157915,2
157916,2
157917,2
157918,2
157919,3
157920,3
157921,2
157922,2
157923,2
157924,2
157925,2
157926,2
157927,3
157928,3
157929,3
157930,2
157931,3
157932,3
157933,2
157934,3
157935,1
157936,1
157937,1
157938,1
157939,2
157940,2
157941,1
157942,1
157943,1
157944,1
157945,1
157946,2
157947,2
157948,2
157949,2
157950,2
157951,2
157952,2
157953,2
157954,1
157955,2
157956,2
157957,2
157958,1
157959,1
157960,1
157961,1
157962,1
157963,1
157964,2
157965,2
157966,2
157967,1
157968,1
157969,2
157970,1
157971,1
157972,1
157973,1
157974,2
157975,2
157976,2
157977,2
157978,2
157979,2
157980,2
157981,2
157982,2
157983,2
157984,2
157985,2
157986,2
157987,2
157988,2
157989,2
157990,2
157991,2
157992,2
157993,2
157994,2
157995,2
157996,2
157997,2
157998,2
157999,2
158000,2
158001,2
158002,2
158003,2
158004,2
158005,2
158006,2
158007,2
158008,2
158009,2
158010,2
158011,2
158012,2
158013,2
158014,2
158015,2
158016,0
158017,0
158018,2
158019,2
158020,2
158021,2
158022,2
158023,2
158024,2
158025,2
158026,2
158027,2
158028,2
158029,2
158030,2
158031,2
158032,2
158033,2
158034,2
158035,2
158036,2
158037,2
158038,3
158039,3
158040,2
158041,2
158042,2
158043,3
158044,3
158045,2
158046,3
158047,3
158048,3
158049,3
158050,3
158051,3
158052,2
158053,2
158054,3
158055,2
158056,3
158057,2
158058,2
158059,2
158060,0
158061,0
158062,3
158063,3
158064,3
158065,4
158066,2
158067,2
158068,3
158069,2
158070,2
158071,2
158072,2
158073,0
158074,2
158075,2
158076,2
158077,2
158078,2
158079,2
158080,3
158081,2
158082,3
158083,2
158084,2
158085,2
158086,2
158087,3
158088,3
158089,3
158090,3
158091,2
158092,2
158093,2
158094,3
158095,3
158096,1
158097,1
158098,1
158099,3
158100,2
158101,2
158102,2
158103,2
158104,4
158105,2
158106,3
158107,3
158108,4
158109,2
158110,2
158111,2
158112,2
158113,2
158114,2
158115,2
158116,2
158117,3
158118,3
158119,2
158120,3
158121,3
158122,2
158123,3
158124,3
158125,3
158126,2
158127,3
158128,3
158129,4
158130,4
158131,4
158132,4
158133,4
158134,4
158135,2
158136,2
158137,4
158138,2
158139,2
158140,2
158141,2
158142,3
158143,2
158144,2
158145,3
158146,2
158147,3
158148,2
158149,3
158150,3
158151,3
158152,3
158153,2
158154,2
158155,2
158156,2
158157,2
158158,2
158159,2
158160,2
158161,2
158162,2
158163,2
158164,2
158165,2
158166,2
158167,2
158168,3
158169,3
158170,3
158171,2
158172,3
158173,2
158174,3
158175,2
158176,3
158177,2
158178,2
158179,3
158180,3
158181,3
158182,2
158183,2
158184,2
158185,2
158186,2
158187,2
158188,2
158189,2
158190,2
158191,2
158192,2
158193,3
158194,3
158195,3
158196,3
158197,3
158198,3
158199,1
158200,2
158201,1
158202,1
158203,1
158204,2
158205,1
158206,2
158207,2
158208,2
158209,2
158210,3
158211,3
158212,3
158213,2
158214,3
158215,2
158216,2
158217,2
158218,2
158219,3
158220,3
158221,2
158222,3
158223,3
158224,2
158225,2
158226,2
158227,2
158228,2
158229,2
158230,2
158231,2
158232,2
158233,2
158234,2
158235,2
158236,2
158237,2
158238,2
158239,2
158240,2
158241,2
158242,2
158243,2
158244,3
158245,2
158246,2
158247,2
158248,2
158249,2
158250,1
158251,1
158252,2
158253,2
158254,2
158255,2
158256,2
158257,2
158258,2
158259,2
158260,2
158261,2
158262,2
158263,2
158264,2
158265,2
158266,2
158267,2
158268,2
158269,2
158270,2
158271,2
158272,2
158273,2
158274,2
158275,2
158276,0
158277,2
158278,2
158279,2
158280,0
158281,0
158282,2
158283,0
158284,0
158285,0
158286,2
158287,2
158288,1
158289,2
158290,2
158291,1
158292,1
158293,1
158294,1
158295,1
158296,2
158297,1
158298,1
158299,1
158300,2
158301,1
158302,1
158303,2
158304,1
158305,1
158306,2
158307,1
158308,3
158309,3
158310,2
158311,3
158312,3
158313,1
158314,2
158315,3
158316,3
158317,2
158318,2
158319,3
158320,3
158321,3
158322,2
158323,2
158324,2
158325,2
158326,2
158327,3
158328,3
158329,3
158330,2
158331,2
158332,2
158333,2
158334,2
158335,2
158336,2
158337,2
158338,2
158339,2
158340,1
158341,2
158342,2
158343,3
158344,2
158345,3
158346,3
158347,3
158348,2
158349,3
158350,3
158351,3
158352,3
158353,3
158354,2
158355,2
158356,3
158357,2
158358,2
158359,3
158360,2
158361,2
158362,2
158363,2
158364,2
158365,2
158366,2
158367,2
158368,2
158369,2
158370,2
158371,3
158372,3
158373,3
158374,3
158375,2
158376,2
158377,2
158378,3
158379,3
158380,3
158381,3
158382,3
158383,3
158384,3
158385,3
158386,3
158387,1
158388,1
158389,2
158390,2
158391,1
158392,1
158393,2
158394,2
158395,1
158396,2
158397,2
158398,2
158399,2
158400,2
158401,2
158402,2
158403,2
158404,2
158405,2
158406,2
158407,2
158408,2
158409,1
158410,1
158411,2
158412,2
158413,2
158414,2
158415,2
158416,2
158417,2
158418,1
158419,2
158420,2
158421,2
158422,2
158423,2
158424,2
158425,2
158426,2
158427,2
158428,2
158429,2
158430,2
158431,2
158432,3
158433,2
158434,3
158435,3
158436,2
158437,2
158438,3
158439,2
158440,2
158441,2
158442,3
158443,2
158444,2
158445,2
158446,2
158447,2
158448,2
158449,2
158450,2
158451,2
158452,2
158453,2
158454,2
158455,2
158456,2
158457,1
158458,3
158459,3
158460,3
158461,3
158462,3
158463,3
158464,3
158465,3
158466,3
158467,2
158468,2
158469,2
158470,2
158471,2
158472,2
158473,1
158474,2
158475,2
158476,2
158477,2
158478,2
158479,1
158480,1
158481,2
158482,2
158483,2
158484,1
158485,2
158486,2
158487,2
158488,2
158489,2
158490,2
158491,2
158492,2
158493,2
158494,3
158495,3
158496,3
158497,2
158498,0
158499,3
158500,2
158501,3
158502,2
158503,3
158504,0
158505,0
158506,2
158507,0
158508,0
158509,2
158510,2
158511,2
158512,2
158513,2
158514,2
158515,2
158516,2
158517,2
158518,1
158519,2
158520,2
158521,2
158522,2
158523,2
158524,2
158525,1
158526,1
158527,2
158528,1
158529,2
158530,2
158531,2
158532,2
158533,2
158534,2
158535,3
158536,2
158537,2
158538,2
158539,2
158540,3
158541,3
158542,2
158543,3
158544,2
158545,2
158546,2
158547,2
158548,2
158549,2
158550,2
158551,1
158552,2
158553,2
158554,1
158555,3
158556,3
158557,3
158558,2
158559,2
158560,2
158561,3
158562,2
158563,2
158564,2
158565,2
158566,2
158567,2
158568,1
158569,1
158570,2
158571,2
158572,2
158573,2
158574,2
158575,2
158576,2
158577,2
158578,2
158579,2
158580,2
158581,2
158582,2
158583,2
158584,2
158585,2
158586,2
158587,2
158588,2
158589,1
158590,2
158591,2
158592,1
158593,3
158594,3
158595,2
158596,2
158597,3
158598,3
158599,2
158600,4
158601,4
158602,2
158603,2
158604,2
158605,2
158606,2
158607,2
158608,2
158609,2
158610,2
158611,2
158612,2
158613,2
158614,2
158615,2
158616,2
158617,2
158618,2
158619,2
158620,2
158621,2
158622,2
158623,2
158624,2
158625,2
158626,2
158627,2
158628,2
158629,2
158630,2
158631,2
158632,2
158633,2
158634,2
158635,2
158636,2
158637,2
158638,2
158639,2
158640,2
158641,2
158642,2
158643,2
158644,2
158645,2
158646,2
158647,2
158648,2
158649,2
158650,2
158651,2
158652,2
158653,2
158654,2
158655,3
158656,2
158657,2
158658,2
158659,2
158660,2
158661,2
158662,2
158663,2
158664,3
158665,3
158666,2
158667,2
158668,2
158669,2
158670,2
158671,2
158672,2
158673,2
158674,2
158675,2
158676,3
158677,3
158678,1
158679,2
158680,2
158681,2
158682,2
158683,2
158684,2
158685,2
158686,2
158687,1
158688,2
158689,2
158690,2
158691,2
158692,2
158693,2
158694,2
158695,2
158696,3
158697,3
158698,2
158699,2
158700,3
158701,2
158702,2
158703,2
158704,2
158705,3
158706,2
158707,2
158708,2
158709,2
158710,2
158711,2
158712,2
158713,2
158714,2
158715,2
158716,2
158717,2
158718,2
158719,2
158720,2
158721,2
158722,2
158723,2
158724,2
158725,2
158726,2
158727,2
158728,2
158729,2
158730,2
158731,2
158732,1
158733,2
158734,2
158735,2
158736,2
158737,2
158738,2
158739,2
158740,2
158741,0
158742,2
158743,2
158744,2
158745,2
158746,2
158747,2
158748,2
158749,2
158750,2
158751,2
158752,2
158753,1
158754,3
158755,3
158756,1
158757,2
158758,2
158759,2
158760,3
158761,2
158762,2
158763,2
158764,2
158765,2
158766,2
158767,2
158768,2
158769,2
158770,1
158771,1
158772,1
158773,1
158774,1
158775,1
158776,1
158777,2
158778,2
158779,2
158780,2
158781,2
158782,2
158783,2
158784,3
158785,3
158786,2
158787,3
158788,2
158789,2
158790,2
158791,2
158792,2
158793,2
158794,0
158795,1
158796,2
158797,2
158798,2
158799,2
158800,2
158801,2
158802,2
158803,2
158804,2
158805,2
158806,2
158807,2
158808,2
158809,2
158810,4
158811,4
158812,2
158813,3
158814,3
158815,2
158816,2
158817,2
158818,2
158819,2
158820,2
158821,4
158822,4
158823,4
158824,2
158825,3
158826,3
158827,3
158828,3
158829,3
158830,3
158831,2
158832,3
158833,3
158834,3
158835,3
158836,2
158837,2
158838,2
158839,2
158840,2
158841,4
158842,2
158843,2
158844,2
158845,2
158846,2
158847,2
158848,2
158849,2
158850,2
158851,2
158852,2
158853,2
158854,2
158855,2
158856,2
158857,2
158858,2
158859,2
158860,2
158861,2
158862,2
158863,3
158864,3
158865,2
158866,3
158867,2
158868,2
158869,2
158870,2
158871,2
158872,2
158873,2
158874,2
158875,2
158876,2
158877,2
158878,2
158879,2
158880,2
158881,2
158882,0
158883,0
158884,2
158885,2
158886,2
158887,2
158888,2
158889,2
158890,2
158891,2
158892,2
158893,2
158894,2
158895,2
158896,2
158897,2
158898,2
158899,2
158900,2
158901,2
158902,2
158903,2
158904,2
158905,2
158906,2
158907,2
158908,2
158909,2
158910,2
158911,2
158912,2
158913,2
158914,2
158915,2
158916,2
158917,2
158918,2
158919,2
158920,2
158921,2
158922,2
158923,2
158924,2
158925,2
158926,2
158927,2
158928,2
158929,2
158930,2
158931,2
158932,2
158933,2
158934,2
158935,2
158936,2
158937,2
158938,2
158939,2
158940,2
158941,3
158942,2
158943,3
158944,2
158945,2
158946,2
158947,2
158948,2
158949,2
158950,2
158951,2
158952,2
158953,2
158954,2
158955,2
158956,2
158957,2
158958,2
158959,2
158960,2
158961,2
158962,2
158963,2
158964,2
158965,2
158966,2
158967,2
158968,3
158969,3
158970,2
158971,3
158972,2
158973,2
158974,2
158975,3
158976,3
158977,3
158978,3
158979,3
158980,3
158981,3
158982,3
158983,3
158984,1
158985,1
158986,1
158987,2
158988,2
158989,2
158990,3
158991,2
158992,3
158993,3
158994,3
158995,3
158996,3
158997,4
158998,3
158999,3
159000,2
159001,2
159002,2
159003,1
159004,1
159005,1
159006,1
159007,1
159008,1
159009,2
159010,1
159011,2
159012,2
159013,2
159014,2
159015,2
159016,2
159017,2
159018,3
159019,2
159020,2
159021,2
159022,2
159023,2
159024,2
159025,2
159026,2
159027,2
159028,2
159029,2
159030,2
159031,2
159032,2
159033,2
159034,2
159035,2
159036,2
159037,2
159038,2
159039,2
159040,2
159041,3
159042,2
159043,2
159044,2
159045,2
159046,2
159047,2
159048,2
159049,3
159050,3
159051,2
159052,3
159053,3
159054,3
159055,3
159056,3
159057,3
159058,4
159059,4
159060,1
159061,2
159062,2
159063,2
159064,2
159065,3
159066,3
159067,2
159068,2
159069,2
159070,2
159071,2
159072,3
159073,2
159074,2
159075,2
159076,2
159077,2
159078,2
159079,2
159080,2
159081,2
159082,2
159083,2
159084,2
159085,2
159086,2
159087,2
159088,2
159089,2
159090,2
159091,2
159092,2
159093,2
159094,2
159095,2
159096,2
159097,2
159098,3
159099,3
159100,1
159101,1
159102,4
159103,2
159104,3
159105,3
159106,2
159107,2
159108,3
159109,2
159110,3
159111,2
159112,2
159113,2
159114,2
159115,2
159116,2
159117,2
159118,2
159119,2
159120,2
159121,2
159122,2
159123,2
159124,2
159125,3
159126,2
159127,2
159128,2
159129,2
159130,2
159131,1
159132,1
159133,1
159134,2
159135,2
159136,2
159137,2
159138,2
159139,2
159140,2
159141,2
159142,2
159143,2
159144,2
159145,2
159146,2
159147,2
159148,2
159149,2
159150,2
159151,2
159152,2
159153,1
159154,2
159155,2
159156,1
159157,1
159158,1
159159,2
159160,1
159161,1
159162,2
159163,2
159164,1
159165,1
159166,1
159167,2
159168,2
159169,2
159170,2
159171,2
159172,2
159173,2
159174,2
159175,2
159176,2
159177,2
159178,2
159179,2
159180,2
159181,2
159182,2
159183,3
159184,3
159185,3
159186,2
159187,2
159188,2
159189,0
159190,2
159191,2
159192,2
159193,0
159194,0
159195,4
159196,2
159197,2
159198,2
159199,4
159200,2
159201,2
159202,2
159203,1
159204,3
159205,2
159206,2
159207,1
159208,1
159209,2
159210,2
159211,2
159212,2
159213,2
159214,2
159215,2
159216,2
159217,2
159218,2
159219,2
159220,2
159221,2
159222,3
159223,2
159224,3
159225,3
159226,2
159227,2
159228,3
159229,2
159230,3
159231,2
159232,2
159233,2
159234,2
159235,2
159236,2
159237,2
159238,2
159239,2
159240,2
159241,2
159242,3
159243,2
159244,2
159245,2
159246,2
159247,2
159248,2
159249,4
159250,3
159251,2
159252,4
159253,2
159254,4
159255,4
159256,2
159257,2
159258,2
159259,4
159260,2
159261,2
159262,2
159263,2
159264,2
159265,2
159266,2
159267,2
159268,2
159269,2
159270,2
159271,2
159272,2
159273,2
159274,2
159275,2
159276,2
159277,2
159278,2
159279,2
159280,2
159281,1
159282,2
159283,2
159284,1
159285,2
159286,2
159287,2
159288,2
159289,2
159290,2
159291,2
159292,2
159293,0
159294,0
159295,2
159296,2
159297,2
159298,2
159299,2
159300,0
159301,2
159302,2
159303,2
159304,0
159305,0
159306,2
159307,2
159308,2
159309,2
159310,0
159311,2
159312,2
159313,2
159314,2
159315,2
159316,2
159317,2
159318,2
159319,0
159320,0
159321,0
159322,2
159323,2
159324,3
159325,1
159326,1
159327,1
159328,1
159329,1
159330,2
159331,2
159332,2
159333,2
159334,3
159335,2
159336,3
159337,2
159338,2
159339,3
159340,3
159341,3
159342,4
159343,4
159344,2
159345,4
159346,4
159347,4
159348,4
159349,3
159350,4
159351,2
159352,2
159353,2
159354,2
159355,0
159356,0
159357,0
159358,3
159359,0
159360,0
159361,2
159362,2
159363,0
159364,0
159365,0
159366,2
159367,2
159368,2
159369,2
159370,0
159371,2
159372,2
159373,2
159374,0
159375,0
159376,0
159377,0
159378,2
159379,2
159380,0
159381,0
159382,1
159383,3
159384,2
159385,2
159386,2
159387,2
159388,1
159389,2
159390,2
159391,2
159392,0
159393,2
159394,2
159395,2
159396,2
159397,2
159398,2
159399,2
159400,3
159401,2
159402,2
159403,2
159404,2
159405,2
159406,2
159407,2
159408,2
159409,2
159410,2
159411,2
159412,2
159413,2
159414,2
159415,2
159416,2
159417,2
159418,2
159419,2
159420,2
159421,2
159422,2
159423,2
159424,2
159425,2
159426,2
159427,2
159428,2
159429,2
159430,2
159431,2
159432,2
159433,2
159434,2
159435,2
159436,2
159437,2
159438,2
159439,2
159440,2
159441,2
159442,2
159443,2
159444,2
159445,2
159446,2
159447,1
159448,2
159449,2
159450,2
159451,2
159452,2
159453,2
159454,2
159455,2
159456,2
159457,2
159458,2
159459,2
159460,2
159461,2
159462,2
159463,2
159464,2
159465,2
159466,2
159467,2
159468,2
159469,2
159470,2
159471,2
159472,2
159473,2
159474,2
159475,2
159476,2
159477,2
159478,2
159479,2
159480,2
159481,2
159482,3
159483,2
159484,2
159485,2
159486,2
159487,2
159488,2
159489,2
159490,2
159491,2
159492,2
159493,2
159494,3
159495,2
159496,3
159497,3
159498,2
159499,2
159500,2
159501,2
159502,3
159503,3
159504,3
159505,3
159506,2
159507,2
159508,2
159509,0
159510,0
159511,2
159512,2
159513,2
159514,2
159515,2
159516,2
159517,2
159518,2
159519,2
159520,2
159521,2
159522,3
159523,3
159524,2
159525,2
159526,2
159527,2
159528,2
159529,2
159530,0
159531,0
159532,2
159533,2
159534,2
159535,2
159536,2
159537,2
159538,2
159539,2
159540,2
159541,2
159542,2
159543,2
159544,2
159545,2
159546,2
159547,2
159548,2
159549,2
159550,2
159551,2
159552,1
159553,1
159554,2
159555,2
159556,2
159557,2
159558,2
159559,2
159560,2
159561,2
159562,2
159563,2
159564,2
159565,2
159566,2
159567,2
159568,2
159569,2
159570,3
159571,3
159572,3
159573,3
159574,4
159575,4
159576,4
159577,3
159578,3
159579,3
159580,2
159581,4
159582,4
159583,4
159584,2
159585,2
159586,2
159587,2
159588,2
159589,2
159590,2
159591,2
159592,2
159593,2
159594,2
159595,3
159596,2
159597,2
159598,2
159599,2
159600,2
159601,2
159602,2
159603,2
159604,2
159605,2
159606,2
159607,2
159608,2
159609,2
159610,2
159611,3
159612,2
159613,2
159614,2
159615,3
159616,3
159617,3
159618,3
159619,2
159620,3
159621,2
159622,2
159623,2
159624,2
159625,3
159626,2
159627,2
159628,2
159629,2
159630,2
159631,2
159632,4
159633,2
159634,4
159635,4
159636,4
159637,4
159638,2
159639,4
159640,2
159641,2
159642,2
159643,3
159644,2
159645,3
159646,4
159647,3
159648,3
159649,2
159650,2
159651,3
159652,2
159653,2
159654,2
159655,2
159656,2
159657,2
159658,2
159659,3
159660,3
159661,3
159662,3
159663,2
159664,3
159665,3
159666,3
159667,3
159668,3
159669,2
159670,2
159671,2
159672,2
159673,2
159674,2
159675,2
159676,1
159677,3
159678,3
159679,2
159680,1
159681,1
159682,2
159683,1
159684,1
159685,2
159686,1
159687,1
159688,1
159689,2
159690,2
159691,2
159692,2
159693,2
159694,2
159695,2
159696,2
159697,1
159698,0
159699,2
159700,2
159701,2
159702,2
159703,2
159704,2
159705,2
159706,3
159707,2
159708,2
159709,2
159710,2
159711,2
159712,2
159713,3
159714,2
159715,2
159716,2
159717,2
159718,2
159719,2
159720,1
159721,1
159722,1
159723,2
159724,2
159725,1
159726,2
159727,2
159728,2
159729,2
159730,2
159731,2
159732,2
159733,3
159734,3
159735,3
159736,3
159737,3
159738,2
159739,2
159740,2
159741,2
159742,2
159743,2
159744,2
159745,2
159746,2
159747,2
159748,2
159749,1
159750,1
159751,2
159752,1
159753,1
159754,1
159755,1
159756,1
159757,1
159758,2
159759,2
159760,2
159761,2
159762,2
159763,2
159764,2
159765,2
159766,2
159767,2
159768,2
159769,2
159770,1
159771,1
159772,1
159773,1
159774,1
159775,2
159776,3
159777,3
159778,1
159779,3
159780,2
159781,2
159782,2
159783,2
159784,2
159785,2
159786,2
159787,2
159788,2
159789,2
159790,2
159791,2
159792,2
159793,2
159794,2
159795,2
159796,2
159797,2
159798,2
159799,2
159800,2
159801,2
159802,2
159803,2
159804,2
159805,2
159806,2
159807,2
159808,2
159809,3
159810,2
159811,2
159812,2
159813,4
159814,2
159815,1
159816,2
159817,1
159818,4
159819,4
159820,4
159821,4
159822,3
159823,2
159824,4
159825,2
159826,2
159827,2
159828,2
159829,2
159830,2
159831,2
159832,2
159833,2
159834,2
159835,2
159836,2
159837,2
159838,2
159839,2
159840,2
159841,2
159842,2
159843,2
159844,2
159845,2
159846,2
159847,2
159848,2
159849,2
159850,2
159851,2
159852,2
159853,2
159854,2
159855,2
159856,2
159857,2
159858,2
159859,2
159860,2
159861,2
159862,2
159863,2
159864,2
159865,2
159866,2
159867,2
159868,2
159869,2
159870,2
159871,2
159872,2
159873,2
159874,2
159875,2
159876,2
159877,2
159878,2
159879,2
159880,2
159881,2
159882,2
159883,2
159884,2
159885,2
159886,2
159887,3
159888,3
159889,3
159890,3
159891,2
159892,3
159893,3
159894,3
159895,2
159896,2
159897,2
159898,2
159899,2
159900,2
159901,1
159902,1
159903,1
159904,1
159905,1
159906,1
159907,2
159908,1
159909,1
159910,1
159911,2
159912,2
159913,2
159914,2
159915,2
159916,2
159917,2
159918,2
159919,1
159920,1
159921,1
159922,1
159923,2
159924,2
159925,3
159926,3
159927,3
159928,2
159929,3
159930,2
159931,2
159932,2
159933,2
159934,2
159935,2
159936,1
159937,1
159938,1
159939,0
159940,0
159941,2
159942,2
159943,2
159944,2
159945,2
159946,2
159947,1
159948,4
159949,2
159950,2
159951,4
159952,4
159953,4
159954,4
159955,2
159956,2
159957,2
159958,1
159959,1
159960,2
159961,2
159962,2
159963,2
159964,2
159965,2
159966,2
159967,2
159968,2
159969,2
159970,2
159971,2
159972,2
159973,2
159974,2
159975,2
159976,2
159977,2
159978,2
159979,2
159980,2
159981,2
159982,2
159983,2
159984,2
159985,2
159986,2
159987,2
159988,2
159989,2
159990,2
159991,2
159992,2
159993,2
159994,2
159995,2
159996,2
159997,2
159998,2
159999,2
160000,2
160001,2
160002,2
160003,2
160004,2
160005,2
160006,2
160007,2
160008,2
160009,2
160010,2
160011,2
160012,2
160013,2
160014,2
160015,2
160016,2
160017,2
160018,2
160019,3
160020,3
160021,0
160022,0
160023,0
160024,0
160025,0
160026,0
160027,0
160028,0
160029,0
160030,0
160031,0
160032,0
160033,2
160034,2
160035,1
160036,2
160037,1
160038,1
160039,1
160040,1
160041,1
160042,2
160043,2
160044,2
160045,3
160046,3
160047,3
160048,2
160049,2
160050,2
160051,2
160052,2
160053,3
160054,2
160055,3
160056,2
160057,2
160058,2
160059,2
160060,2
160061,2
160062,2
160063,2
160064,2
160065,2
160066,2
160067,2
160068,2
160069,2
160070,2
160071,3
160072,3
160073,2
160074,2
160075,3
160076,3
160077,3
160078,3
160079,2
160080,2
160081,2
160082,2
160083,2
160084,2
160085,2
160086,2
160087,2
160088,2
160089,2
160090,2
160091,2
160092,2
160093,2
160094,2
160095,2
160096,2
160097,2
160098,2
160099,2
160100,2
160101,2
160102,2
160103,3
160104,2
160105,3
160106,3
160107,2
160108,2
160109,2
160110,2
160111,3
160112,3
160113,3
160114,2
160115,3
160116,2
160117,2
160118,2
160119,1
160120,2
160121,2
160122,2
160123,3
160124,2
160125,2
160126,1
160127,1
160128,2
160129,2
160130,2
160131,2
160132,2
160133,2
160134,2
160135,2
160136,2
160137,2
160138,2
160139,2
160140,2
160141,2
160142,3
160143,1
160144,2
160145,2
160146,2
160147,2
160148,2
160149,2
160150,2
160151,2
160152,2
160153,2
160154,3
160155,3
160156,3
160157,2
160158,2
160159,2
160160,2
160161,2
160162,2
160163,2
160164,2
160165,2
160166,2
160167,2
160168,2
160169,2
160170,2
160171,2
160172,2
160173,2
160174,2
160175,3
160176,2
160177,2
160178,3
160179,2
160180,2
160181,2
160182,3
160183,3
160184,2
160185,2
160186,2
160187,3
160188,2
160189,3
160190,3
160191,2
160192,2
160193,3
160194,3
160195,2
160196,2
160197,2
160198,2
160199,2
160200,2
160201,2
160202,3
160203,4
160204,4
160205,4
160206,2
160207,3
160208,3
160209,2
160210,3
160211,3
160212,2
160213,2
160214,2
160215,2
160216,2
160217,2
160218,2
160219,2
160220,2
160221,2
160222,2
160223,2
160224,2
160225,2
160226,2
160227,2
160228,2
160229,2
160230,0
160231,1
160232,2
160233,2
160234,2
160235,2
160236,1
160237,1
160238,1
160239,1
160240,2
160241,1
160242,2
160243,2
160244,2
160245,2
160246,2
160247,2
160248,2
160249,2
160250,2
160251,2
160252,2
160253,2
160254,1
160255,0
160256,1
160257,2
160258,2
160259,2
160260,2
160261,2
160262,2
160263,2
160264,2
160265,2
160266,0
160267,0
160268,2
160269,2
160270,2
160271,2
160272,0
160273,0
160274,0
160275,2
160276,2
160277,2
160278,0
160279,2
160280,2
160281,2
160282,2
160283,2
160284,2
160285,2
160286,2
160287,2
160288,2
160289,2
160290,2
160291,2
160292,2
160293,3
160294,2
160295,2
160296,2
160297,2
160298,2
160299,2
160300,2
160301,2
160302,2
160303,2
160304,2
160305,2
160306,2
160307,2
160308,2
160309,2
160310,2
160311,2
160312,2
160313,2
160314,2
160315,2
160316,3
160317,3
160318,2
160319,3
160320,3
160321,2
160322,3
160323,2
160324,2
160325,2
160326,2
160327,2
160328,2
160329,2
160330,2
160331,2
160332,2
160333,2
160334,2
160335,2
160336,2
160337,2
160338,2
160339,2
160340,2
160341,2
160342,2
160343,2
160344,2
160345,2
160346,2
160347,2
160348,2
160349,2
160350,2
160351,2
160352,2
160353,2
160354,2
160355,2
160356,2
160357,2
160358,2
160359,2
160360,2
160361,2
160362,2
160363,2
160364,2
160365,2
160366,2
160367,2
160368,2
160369,2
160370,2
160371,2
160372,2
160373,2
160374,2
160375,2
160376,3
160377,3
160378,3
160379,3
160380,3
160381,2
160382,3
160383,3
160384,2
160385,2
160386,2
160387,2
160388,2
160389,2
160390,2
160391,2
160392,2
160393,2
160394,2
160395,2
160396,2
160397,2
160398,2
160399,3
160400,2
160401,2
160402,2
160403,3
160404,3
160405,3
160406,3
160407,3
160408,3
160409,2
160410,3
160411,3
160412,3
160413,3
160414,2
160415,3
160416,3
160417,3
160418,3
160419,4
160420,3
160421,2
160422,2
160423,2
160424,2
160425,2
160426,2
160427,2
160428,2
160429,3
160430,2
160431,2
160432,2
160433,2
160434,2
160435,2
160436,2
160437,2
160438,2
160439,2
160440,2
160441,3
160442,3
160443,2
160444,3
160445,3
160446,2
160447,3
160448,3
160449,3
160450,1
160451,2
160452,2
160453,1
160454,1
160455,1
160456,2
160457,1
160458,1
160459,3
160460,3
160461,2
160462,3
160463,3
160464,1
160465,3
160466,3
160467,2
160468,1
160469,1
160470,2
160471,2
160472,1
160473,1
160474,2
160475,2
160476,1
160477,2
160478,2
160479,2
160480,2
160481,2
160482,2
160483,2
160484,2
160485,2
160486,2
160487,2
160488,1
160489,0
160490,0
160491,1
160492,0
160493,0
160494,2
160495,0
160496,2
160497,2
160498,2
160499,2
160500,2
160501,2
160502,2
160503,2
160504,2
160505,2
160506,3
160507,2
160508,3
160509,3
160510,3
160511,2
160512,1
160513,1
160514,1
160515,1
160516,1
160517,2
160518,3
160519,2
160520,3
160521,2
160522,2
160523,2
160524,2
160525,2
160526,2
160527,2
160528,2
160529,3
160530,3
160531,3
160532,3
160533,3
160534,3
160535,2
160536,2
160537,2
160538,2
160539,2
160540,2
160541,2
160542,2
160543,2
160544,2
160545,2
160546,2
160547,2
160548,2
160549,2
160550,2
160551,2
160552,2
160553,2
160554,2
160555,2
160556,2
160557,2
160558,2
160559,3
160560,3
160561,2
160562,0
160563,4
160564,3
160565,3
160566,3
160567,3
160568,3
160569,0
160570,3
160571,2
160572,2
160573,2
160574,2
160575,2
160576,2
160577,2
160578,3
160579,3
160580,2
160581,3
160582,4
160583,4
160584,4
160585,4
160586,2
160587,4
160588,3
160589,3
160590,2
160591,2
160592,2
160593,2
160594,2
160595,2
160596,2
160597,3
160598,3
160599,2
160600,2
160601,2
160602,2
160603,2
160604,2
160605,2
160606,2
160607,2
160608,2
160609,2
160610,4
160611,2
160612,2
160613,2
160614,2
160615,2
160616,2
160617,2
160618,2
160619,2
160620,2
160621,2
160622,2
160623,2
160624,2
160625,2
160626,2
160627,2
160628,2
160629,4
160630,4
160631,4
160632,2
160633,2
160634,2
160635,2
160636,2
160637,2
160638,2
160639,3
160640,2
160641,2
160642,2
160643,2
160644,2
160645,2
160646,2
160647,1
160648,2
160649,2
160650,2
160651,2
160652,2
160653,2
160654,2
160655,2
160656,2
160657,2
160658,2
160659,2
160660,2
160661,2
160662,2
160663,2
160664,2
160665,2
160666,2
160667,2
160668,2
160669,3
160670,3
160671,2
160672,3
160673,3
160674,2
160675,2
160676,3
160677,3
160678,2
160679,2
160680,2
160681,2
160682,3
160683,2
160684,3
160685,3
160686,2
160687,2
160688,2
160689,2
160690,2
160691,2
160692,2
160693,2
160694,2
160695,2
160696,2
160697,2
160698,2
160699,2
160700,2
160701,2
160702,2
160703,2
160704,2
160705,2
160706,2
160707,2
160708,2
160709,2
160710,2
160711,2
160712,1
160713,1
160714,1
160715,1
160716,2
160717,2
160718,2
160719,2
160720,2
160721,2
160722,2
160723,2
160724,3
160725,3
160726,3
160727,1
160728,2
160729,2
160730,2
160731,2
160732,2
160733,2
160734,2
160735,2
160736,2
160737,2
160738,2
160739,2
160740,2
160741,2
160742,2
160743,2
160744,2
160745,2
160746,2
160747,2
160748,2
160749,2
160750,2
160751,2
160752,2
160753,2
160754,2
160755,2
160756,2
160757,2
160758,2
160759,2
160760,2
160761,2
160762,1
160763,1
160764,1
160765,2
160766,2
160767,2
160768,2
160769,2
160770,4
160771,2
160772,2
160773,2
160774,2
160775,2
160776,4
160777,2
160778,2
160779,4
160780,4
160781,4
160782,2
160783,2
160784,2
160785,2
160786,2
160787,2
160788,2
160789,2
160790,2
160791,2
160792,2
160793,2
160794,2
160795,2
160796,2
160797,2
160798,2
160799,2
160800,2
160801,2
160802,2
160803,2
160804,2
160805,2
160806,2
160807,2
160808,2
160809,2
160810,2
160811,2
160812,2
160813,2
160814,2
160815,2
160816,2
160817,1
160818,1
160819,1
160820,2
160821,2
160822,2
160823,2
160824,2
160825,2
160826,2
160827,2
160828,2
160829,2
160830,2
160831,2
160832,2
160833,3
160834,2
160835,2
160836,2
160837,2
160838,2
160839,3
160840,3
160841,3
160842,2
160843,2
160844,2
160845,3
160846,3
160847,3
160848,3
160849,3
160850,3
160851,3
160852,3
160853,3
160854,1
160855,1
160856,1
160857,1
160858,2
160859,2
160860,2
160861,2
160862,2
160863,2
160864,2
160865,2
160866,3
160867,3
160868,3
160869,2
160870,2
160871,2
160872,3
160873,3
160874,2
160875,2
160876,2
160877,2
160878,2
160879,2
160880,2
160881,2
160882,2
160883,2
160884,2
160885,2
160886,2
160887,2
160888,2
160889,2
160890,2
160891,2
160892,2
160893,2
160894,2
160895,2
160896,2
160897,2
160898,3
160899,3
160900,3
160901,3
160902,3
160903,2
160904,3
160905,3
160906,2
160907,3
160908,3
160909,2
160910,0
160911,2
160912,2
160913,2
160914,2
160915,2
160916,2
160917,2
160918,2
160919,2
160920,2
160921,2
160922,2
160923,2
160924,2
160925,2
160926,2
160927,3
160928,2
160929,2
160930,2
160931,2
160932,2
160933,2
160934,2
160935,2
160936,2
160937,2
160938,2
160939,2
160940,2
160941,2
160942,2
160943,2
160944,4
160945,4
160946,4
160947,2
160948,4
160949,2
160950,2
160951,4
160952,4
160953,4
160954,4
160955,4
160956,2
160957,2
160958,2
160959,2
160960,2
160961,2
160962,2
160963,1
160964,1
160965,2
160966,2
160967,2
160968,2
160969,1
160970,1
160971,2
160972,3
160973,2
160974,2
160975,2
160976,2
160977,2
160978,2
160979,2
160980,2
160981,2
160982,2
160983,2
160984,2
160985,2
160986,2
160987,2
160988,2
160989,2
160990,2
160991,2
160992,2
160993,2
160994,2
160995,2
160996,2
160997,2
160998,2
160999,2
161000,2
161001,2
161002,2
161003,2
161004,2
161005,2
161006,2
161007,2
161008,2
161009,2
161010,2
161011,2
161012,2
161013,2
161014,1
161015,1
161016,1
161017,1
161018,1
161019,1
161020,1
161021,1
161022,3
161023,2
161024,3
161025,3
161026,3
161027,2
161028,1
161029,1
161030,2
161031,2
161032,2
161033,1
161034,2
161035,2
161036,2
161037,2
161038,2
161039,2
161040,2
161041,2
161042,2
161043,2
161044,3
161045,3
161046,2
161047,2
161048,4
161049,4
161050,4
161051,4
161052,4
161053,2
161054,2
161055,2
161056,2
161057,2
161058,2
161059,4
